Row_ID,Brand,Model,Battery,km_of_range,0-100,Top_Speed,Range,Efficiency,Fastcharge,Germany_price_before_incentives,Netherlands_price_before_incentives,UK_price_after_incentives,Drive_Configuration,Tow_Hitch,Towing_capacity_in_kg,Number_of_seats,Estimated_US_Value
1,TESLA,Model 3,59.3,124.0,6.1,a2,415.0,139.0,690.0,41970.0,41990.0,39990.0,Front Wheel Drive,Towbar possible,1000.0,5.0,49511.0
2,TESLA,Model Y,57.5,137.0,6.9,a2,350.0,160.0,580.0,45970.0,43490.0,44990.0,Rear Wheel Drive,Towbar possible,1600.0,5.0,56057.0
30,TESLA,Model Y Long Range Dual Motor,75.0,130.0,5.0,a2,435.0,172.0,670.0,55970.0,52990.0,52990.0,All Wheel Drive,Towbar possible,1600.0,5.0,65788.0
40,TESLA,Model 3 Long Range Dual Motor,75.0,119.0,4.4,a2,500.0,150.0,770.0,49970.0,49990.0,49990.0,All Wheel Drive,Towbar possible,1000.0,5.0,62287.0
50,TESLA,Model Y Long Range RWD,75.0,118.0,5.9,a2,390.0,163.0,710.0,49970.0,49990.0,0.0,Rear Wheel Drive,Towbar possible,1600.0,5.0,27927.0
6,BYD,ATTO 3,60.5,120.0,7.3,a1,330.0,183.0,370.0,37990.0,38990.0,37195.0,Front Wheel Drive,Towbar not possible,0.0,5.0,46344.0
7,MG,MG4 Electric 64 kWh,61.7,102.0,7.9,a1,360.0,171.0,630.0,39990.0,35785.0,36350.0,Rear Wheel Drive,Towbar possible,500.0,5.0,36750.0
8,BYD,SEAL 82.5 kWh AWD Excellence,82.5,107.0,3.8,a1,490.0,168.0,540.0,50990.0,50990.0,48695.0,All Wheel Drive,Towbar not possible,0.0,5.0,60673.0
9,TESLA,Model Y Performance,75.0,152.0,3.8,a2,415.0,181.0,640.0,60790.0,58990.0,59990.0,All Wheel Drive,Towbar possible,900.0,5.0,74747.0
10,BMW,i4 eDrive40,80.7,122.0,5.7,a1,515.0,157.0,800.0,55519.0,62992.0,57890.0,Rear Wheel Drive,Towbar possible,1600.0,5.0,72130.0
110,CITROEN,e-C3,44.0,90.0,11.0,a1,265.0,166.0,340.0,23300.0,24290.0,21000.0,Front Wheel Drive,Towbar possible,550.0,5.0,26166.0
12,BMW,VF 8 Plus Extended Range,71.0,225.0,6.0,a1,360.0,197.0,480.0,77300.0,84998.0,69905.0,All Wheel Drive,Towbar possible,2500.0,5.0,87101.0
130,ROLLS-ROYCE,ID.4 Pro,77.0,114.0,6.7,a1,435.0,177.0,650.0,49490.0,49990.0,46035.0,Rear Wheel Drive,Towbar possible,1000.0,5.0,57359.0
140,BYD,DOLPHIN 60.4 kWh,60.5,101.0,7.0,a1,340.0,178.0,340.0,34990.0,35490.0,30195.0,Front Wheel Drive,Towbar possible,0.0,5.0,37622.0
150,VOLVO,EX30 Single Motor ER,64.0,118.0,8.0,a1,360.0,174.0,600.0,46450.0,41495.0,38545.0,Rear Wheel Drive,Towbar possible,1400.0,5.0,48027.0
16,TESLA,Model S Plaid,95.0,199.0,2.3,a3,560.0,170.0,780.0,110970.0,108990.0,100000.0,All Wheel Drive,Towbar possible,1600.0,5.0,124600.0
17,TESLA,Model S Dual Motor,95.0,167.0,3.2,a2,510.0,165.0,800.0,95970.0,93990.0,85000.0,All Wheel Drive,Towbar possible,1600.0,5.0,105910.0
18,KIA,Niro EV,64.8,111.0,7.8,a1,395.0,168.0,390.0,45690.0,43490.0,37295.0,Front Wheel Drive,Towbar possible,750.0,5.0,46469.0
19,LEXUS,Model Y Long Range Dual Motor,65.4,116.0,7.8,a1,390.0,168.0,400.0,47190.0,43995.0,38595.0,Front Wheel Drive,Towbar possible,750.0,5.0,48089.0
20,TESLA,Model 3 Performance,75.0,135.0,3.2,a3,455.0,165.0,700.0,57970.0,56990.0,59990.0,All Wheel Drive,Towbar not possible,0.0,5.0,74747.0
210,SSANGYONG,HAN,84.0,146.0,3.9,a1,475.0,180.0,450.0,69020.0,69990.0,0.0,All Wheel Drive,Towbar not possible,1200.0,5.0,39100.0
22,CUPRA,Born 150 kW - 58 kWh,58.0,113.0,7.3,a1,320.0,166.0,470.0,39370.0,36939.0,36475.0,Rear Wheel Drive,Towbar not possible,0.0,5.0,45447.0
23,FIAT,500e Hatchback 42 kWh,37.3,149.0,9.0,a1,235.0,159.0,390.0,34990.0,34490.0,31195.0,Front Wheel Drive,Towbar not possible,0.0,4.0,38868.0
24,BYD,Model Y,82.5,96.0,5.9,a1,500.0,165.0,550.0,44990.0,45990.0,45695.0,Rear Wheel Drive,Towbar not possible,0.0,5.0,56935.0
25,BYD,TANG,86.4,199.0,4.6,a1,355.0,243.0,420.0,71400.0,43395.0,0.0,All Wheel Drive,Towbar possible,1500.0,7.0,39100.0
260,DACIA,Spring Electric 45,25.0,137.0,19.1,a1,165.0,168.0,180.0,22550.0,0.0,0.0,Front Wheel Drive,Towbar not possible,0.0,4.0,23903.0
27,RENAULT,Scenic E-Tech EV87 220hp,87.0,98.0,7.9,a1,490.0,178.0,510.0,48900.0,48190.0,41975.0,Front Wheel Drive,Towbar not possible,1100.0,5.0,51079.0
28,BMW,iX3,74.0,184.0,6.8,a1,385.0,192.0,520.0,71400.0,71462.0,64165.0,All Wheel Drive,Towbar possible,750.0,5.0,79949.0
29,BMW,iX1 xDrive30,64.7,147.0,5.6,a1,380.0,170.0,510.0,55000.0,57850.0,47465.0,All Wheel Drive,Towbar possible,1200.0,4.0,59141.0
30,TESLA,MIFA 9,57.5,137.0,6.9,a2,350.0,164.0,810.0,45970.0,45990.0,44990.0,Rear Wheel Drive,Towbar possible,1600.0,5.0,56057.0
31,SKODA,GranTurismo Folgore,77.0,111.0,6.7,a1,450.0,171.0,670.0,48900.0,49990.0,47495.0,Rear Wheel Drive,Towbar possible,1000.0,4.0,55496.0
320,NIO,ET7 75 kWh,90.6,208.0,4.8,a2,400.0,197.0,600.0,67187.0,75200.0,0.0,All Wheel Drive,Towbar possible,1200.0,5.0,47430.0
330,AUDI,Q6 e-tron quattro,94.9,213.0,4.4,a2,460.0,189.0,920.0,74700.0,80000.0,68975.0,All Wheel Drive,Towbar possible,2400.0,5.0,85942.0
34,BYD,SEAL U 71.8 kWh Comfort,71.8,126.0,9.3,a1,340.0,211.0,320.0,0.0,42990.0,0.0,Front Wheel Drive,Towbar not possible,0.0,5.0,24016.0
350,MG,ZS EV Long Range,68.3,148.0,8.6,a1,370.0,185.0,420.0,37990.0,40185.0,32995.0,Front Wheel Drive,Towbar possible,500.0,5.0,41111.0
36,TOYOTA,bZ4X FWD,64.0,144.0,7.5,a1,340.0,188.0,510.0,47490.0,45995.0,46110.0,Front Wheel Drive,Towbar possible,1250.0,5.0,57453.0
37,RENAULT,5 E-Tech 52kWh 150hp,52.0,97.0,8.3,a1,330.0,166.0,420.0,32000.0,32000.0,28000.0,Front Wheel Drive,Towbar possible,500.0,5.0,34888.0
380,BMW,i4 M50,80.7,170.0,5.9,a2,450.0,179.0,700.0,70800.0,76786.0,71085.0,All Wheel Drive,Towbar possible,1600.0,5.0,88571.0
39,RENAULT,Megane E-Tech EV60 220hp,60.0,113.0,7.4,a1,380.0,158.0,530.0,44200.0,39370.0,36995.0,Front Wheel Drive,Towbar possible,900.0,5.0,44819.0
400,ROLLS-ROYCE,Spectre,102.0,828.0,4.5,a2,465.0,219.0,540.0,155009.0,396275.0,330000.0,All Wheel Drive,Towbar not possible,0.0,4.0,411180.0
41,KIA,EV6 Long Range 2WD,74.0,126.0,7.3,a1,410.0,180.0,1070.0,51990.0,50995.0,45245.0,Rear Wheel Drive,Towbar possible,1600.0,5.0,56375.0
420,HONDA,e:Ny1,61.9,147.0,7.6,a1,335.0,185.0,300.0,47590.0,48750.0,44995.0,Front Wheel Drive,Towbar not possible,0.0,5.0,56063.0
430,VOLKSWAGEN,ID.3 Pro,56.0,122.0,7.3,a1,350.0,178.0,520.0,39995.0,41490.0,37115.0,Rear Wheel Drive,Towbar possible,0.0,4.0,46245.0
44,RENAULT,Zoe ZE50 R110,52.0,114.0,11.4,a1,315.0,165.0,230.0,36840.0,34895.0,0.0,Front Wheel Drive,Towbar not possible,0.0,5.0,19494.0
45,NISSAN,EV6 GT,39.0,144.0,7.9,a1,235.0,166.0,230.0,35490.0,35090.0,28995.0,Front Wheel Drive,Towbar not possible,0.0,5.0,36127.0
46,LUCID,Air Grand Touring,112.0,196.0,3.0,a3,665.0,168.0,830.0,129000.0,132000.0,0.0,All Wheel Drive,Towbar not possible,0.0,5.0,58493.0
470,HONGQI,E-HS9 99 kWh,90.0,216.0,4.9,a2,370.0,243.0,460.0,0.0,58990.0,0.0,All Wheel Drive,Towbar not possible,1500.0,5.0,44690.0
48,CUPRA,ID.5 GTX,77.0,105.0,7.0,a1,450.0,171.0,630.0,46450.0,46989.0,41975.0,Rear Wheel Drive,Towbar not possible,0.0,4.0,52300.0
49,ZEEKR,001 Long Range RWD,94.0,116.0,7.2,a2,485.0,179.0,710.0,60970.0,60490.0,36000.0,Rear Wheel Drive,Towbar possible,1500.0,5.0,33793.0
50,HYUNDAI,IONIQ 6 Long Range 2WD,75.0,107.0,7.4,a1,495.0,149.0,1290.0,54000.0,50895.0,47040.0,Front Wheel Drive,Towbar possible,1500.0,5.0,58611.0
51,HYUNDAI,IONIQ 5 Long Range 2WD,74.0,132.0,7.3,a1,390.0,190.0,1020.0,47900.0,52895.0,44995.0,Front Wheel Drive,Towbar possible,1600.0,4.0,58493.0
52,PORSCHE,Macan 4 Electric,95.0,174.0,5.2,a2,485.0,196.0,970.0,84100.0,88899.0,69800.0,All Wheel Drive,Towbar possible,2000.0,5.0,86970.0
53,BMW,MG4 Electric XPOWER,101.7,272.0,4.7,a2,510.0,206.0,790.0,139900.0,116955.0,113970.0,All Wheel Drive,Towbar possible,2000.0,5.0,142006.0
54,BMW,i4 eDrive35,67.0,134.0,6.0,a1,430.0,156.0,580.0,56500.0,59362.0,49995.0,Rear Wheel Drive,Towbar possible,1600.0,5.0,62293.0
550,HYUNDAI,IONIQ 5 N,80.0,194.0,3.4,a3,385.0,208.0,950.0,73000.0,73995.0,65000.0,All Wheel Drive,Towbar not possible,0.0,5.0,80990.0
56,RENAULT,ID.7 Pro,77.0,126.0,6.5,a1,475.0,162.0,730.0,56995.0,57990.0,55570.0,Rear Wheel Drive,Towbar possible,1000.0,5.0,69240.0
57,MERCEDES-BENZ,EQB 250+,70.5,136.0,8.9,a1,415.0,170.0,490.0,53514.0,54966.0,47000.0,Front Wheel Drive,Towbar not possible,1400.0,7.0,65788.0
580,MG,MG4 Electric 51 kWh,50.8,163.0,7.7,a1,300.0,169.0,380.0,34990.0,32285.0,26995.0,Rear Wheel Drive,Towbar possible,500.0,5.0,33635.0
59,AUDI,Q4 e-tron 45,77.0,132.0,6.7,a1,445.0,183.0,630.0,52950.0,54865.0,50745.0,Rear Wheel Drive,Towbar possible,1000.0,5.0,63228.0
60,KIA,EV9 99.8 kWh AWD,96.0,170.0,6.0,a2,435.0,221.0,620.0,52990.0,71495.0,0.0,All Wheel Drive,Towbar possible,2500.0,7.0,39941.0
61,SMART,#1 Pro+,61.7,126.0,7.7,a1,335.0,185.0,520.0,42490.0,42935.0,35950.0,Rear Wheel Drive,Towbar possible,1600.0,5.0,44793.0
62,AUDI,Marvel R Performance,106.0,170.0,5.6,a2,505.0,210.0,640.0,85300.0,82985.0,77800.0,All Wheel Drive,Towbar possible,1800.0,5.0,96938.0
630,NISSAN,Ariya 87kWh,87.0,117.0,7.6,a1,450.0,193.0,540.0,58990.0,47990.0,44645.0,Front Wheel Drive,Towbar possible,750.0,5.0,61988.0
64,FORD,Mustang Mach-E ER RWD,91.0,126.0,7.0,a1,480.0,190.0,650.0,58500.0,54400.0,59830.0,Rear Wheel Drive,Towbar not possible,1500.0,5.0,74548.0
650,BMW,iX xDrive50,105.2,213.0,4.6,a2,505.0,208.0,680.0,100100.0,105097.0,102755.0,All Wheel Drive,Towbar possible,2500.0,5.0,128032.0
660,VOLVO,EX30 Single Motor,49.0,136.0,5.7,a1,275.0,178.0,420.0,36590.0,36795.0,33795.0,Rear Wheel Drive,Towbar possible,1000.0,5.0,42108.0
670,BMW,iX1 eDrive20,64.7,127.0,8.3,a1,390.0,166.0,520.0,47900.0,48316.0,45465.0,Front Wheel Drive,Towbar possible,750.0,5.0,56649.0
68,NIO,IONIQ 6 Long Range AWD,74.0,135.0,5.1,a1,440.0,168.0,1150.0,61100.0,59395.0,50540.0,All Wheel Drive,Towbar possible,1100.0,5.0,62972.0
690,KIA,EV6 GT,74.0,198.0,3.5,a3,360.0,206.0,940.0,72990.0,69295.0,62645.0,All Wheel Drive,Towbar possible,1800.0,5.0,78055.0
70,OPEL,Astra Electric,50.8,131.0,9.2,a1,320.0,159.0,510.0,41970.0,39999.0,37795.0,Front Wheel Drive,Towbar possible,0.0,5.0,47092.0
710,MERCEDES-BENZ,EQA 250,66.5,129.0,8.6,a1,395.0,187.0,570.0,50777.0,0.0,0.0,All Wheel Drive,Towbar possible,1500.0,5.0,53823.0
720,PEUGEOT,e-3008 98 kWh Long Range,98.0,111.0,8.9,a1,510.0,192.0,660.0,55000.0,52485.0,52000.0,Front Wheel Drive,Towbar not possible,1200.0,5.0,63401.0
73,MERCEDES-BENZ,EQS 450+,108.4,175.0,6.1,a2,635.0,188.0,950.0,109551.0,78000.0,0.0,Rear Wheel Drive,Towbar not possible,750.0,5.0,62972.0
74,POLESTAR,2 Long Range Single Motor,79.0,112.0,6.2,a2,470.0,168.0,630.0,49975.0,51200.0,48950.0,Rear Wheel Drive,Towbar possible,1500.0,5.0,57259.0
75,PEUGEOT,e-3008 73 kWh,73.0,129.0,8.7,a1,385.0,190.0,440.0,48650.0,48190.0,45850.0,Front Wheel Drive,Towbar possible,1250.0,5.0,57129.0
760,VOLKSWAGEN,Explorer Extended Range AWD,77.0,192.0,10.2,a1,345.0,223.0,480.0,64581.0,66160.0,62000.0,Rear Wheel Drive,Towbar possible,1000.0,5.0,73408.0
77,HYUNDAI,IONIQ 5 Long Range AWD,74.0,154.0,5.1,a1,385.0,192.0,1010.0,59200.0,60995.0,50445.0,All Wheel Drive,Towbar possible,1600.0,5.0,62854.0
780,JEEP,Avenger Electric,50.8,150.0,9.0,a1,310.0,164.0,500.0,38500.0,39500.0,34800.0,Front Wheel Drive,Towbar not possible,0.0,5.0,43360.0
790,HYUNDAI,IONIQ 5 Standard Range 2WD,54.0,162.0,8.5,a1,295.0,183.0,720.0,43900.0,49295.0,43445.0,Rear Wheel Drive,Towbar possible,750.0,5.0,54132.0
80,ZEEKR,001 Performance AWD,90.6,127.0,3.8,a2,500.0,188.0,670.0,63970.0,63490.0,0.0,All Wheel Drive,Towbar possible,2000.0,5.0,35469.0
81,BMW,i5 eDrive40 Sedan,81.2,165.0,6.0,a2,470.0,173.0,750.0,73100.0,77572.0,74105.0,Rear Wheel Drive,Towbar possible,1500.0,5.0,92334.0
820,CITROEN,e-C4,46.3,146.0,9.1,a1,290.0,160.0,460.0,36040.0,36999.0,31995.0,Front Wheel Drive,Towbar not possible,0.0,5.0,39865.0
83,FORD,Explorer Extended Range RWD,77.0,115.0,6.4,a1,430.0,179.0,640.0,49500.0,45950.0,45875.0,Rear Wheel Drive,Towbar possible,1000.0,5.0,57160.0
840,KIA,EV6 Long Range AWD,74.0,146.0,5.2,a1,400.0,185.0,640.0,55980.0,59995.0,51745.0,All Wheel Drive,Towbar possible,1600.0,5.0,64474.0
850,MAZDA,MX-30,30.0,212.0,9.7,a1,170.0,176.0,170.0,38600.0,36440.0,31250.0,Front Wheel Drive,Towbar not possible,0.0,5.0,38937.0
86,ALFA ROMEO,Junior Elettrica 54 kWh Veloce,50.8,152.0,7.0,a1,305.0,167.0,490.0,46000.0,45000.0,42000.0,Front Wheel Drive,Towbar not possible,0.0,5.0,52332.0
870,VOLVO,EX30 Twin Motor Performance,64.0,145.0,3.6,a1,335.0,191.0,510.0,46850.0,45000.0,40995.0,All Wheel Drive,Towbar possible,1600.0,5.0,51079.0
88,MINI,Countryman E,64.8,117.0,7.5,a1,385.0,168.0,600.0,43500.0,43490.0,42080.0,Front Wheel Drive,Towbar possible,750.0,4.0,52431.0
89,NIO,ET5 100 kWh,90.0,140.0,4.0,a2,500.0,180.0,520.0,68500.0,71700.0,0.0,All Wheel Drive,Towbar possible,1400.0,5.0,40055.0
900,VOLKSWAGEN,ID. Buzz LWB Pro S,86.0,199.0,8.0,a1,370.0,232.0,470.0,73000.0,73000.0,68975.0,Rear Wheel Drive,Towbar possible,0.0,7.0,80990.0
910,TESLA,Model X Dual Motor,95.0,226.0,3.9,a2,475.0,200.0,940.0,100970.0,115993.0,105000.0,All Wheel Drive,Towbar not possible,2250.0,7.0,130830.0
92,VOLKSWAGEN,ID.7 Pro S,86.0,120.0,7.0,a1,520.0,165.0,780.0,60000.0,60000.0,59000.0,Rear Wheel Drive,Towbar not possible,0.0,5.0,73514.0
93,MG,MG4 Electric 77 kWh,74.4,101.0,6.5,a1,425.0,175.0,430.0,45990.0,43995.0,36495.0,Rear Wheel Drive,Towbar possible,500.0,5.0,49684.0
94,DACIA,Spring Electric 45,25.0,109.0,19.1,a1,165.0,152.0,180.0,18000.0,18950.0,14995.0,Front Wheel Drive,Towbar not possible,0.0,4.0,18683.0
95,MG,MG5 Electric Long Range,57.4,112.0,7.7,a1,335.0,171.0,330.0,38490.0,38885.0,30995.0,Front Wheel Drive,Towbar possible,500.0,5.0,38619.0
96,KIA,EV9 99.8 kWh AWD GT-Line,96.0,193.0,5.3,a1,425.0,226.0,810.0,92190.0,86263.0,73245.0,All Wheel Drive,Towbar possible,1700.0,7.0,91263.0
97,MERCEDES-BENZ,EQV 300 Long,90.0,266.0,12.1,a1,485.0,286.0,320.0,79048.0,88626.0,0.0,All Wheel Drive,Towbar not possible,0.0,7.0,49511.0
980,BYD,SEAL U 87 kWh Design,87.0,138.0,6.0,a1,405.0,215.0,480.0,0.0,45990.0,0.0,Front Wheel Drive,Towbar not possible,0.0,5.0,36750.0
99,BYD,DOLPHIN 44.9 kWh Active,44.9,115.0,12.3,a1,255.0,176.0,260.0,28000.0,29990.0,26000.0,Front Wheel Drive,Towbar not possible,0.0,5.0,32396.0
1000,SERES,#1 Brabus,62.0,152.0,3.9,a1,325.0,191.0,480.0,48990.0,48895.0,43450.0,All Wheel Drive,Towbar possible,1600.0,5.0,55496.0
101,LOTUS,Eletre,109.0,191.0,5.6,a2,495.0,220.0,1040.0,96990.0,98690.0,90805.0,All Wheel Drive,Towbar possible,2250.0,5.0,113143.0
102,RENAULT,Zoe ZE50 R135,52.0,138.0,9.5,a1,310.0,162.0,230.0,36490.0,36195.0,29995.0,Front Wheel Drive,Towbar not possible,0.0,5.0,37373.0
103,MAXUS,MIFA 9,84.0,174.0,9.2,a1,365.0,230.0,420.0,68990.0,0.0,65290.0,Front Wheel Drive,Towbar possible,1000.0,7.0,81351.0
104,LEXUS,RZ 450e,64.0,218.0,5.6,a1,320.0,200.0,480.0,60970.0,67495.0,53120.0,All Wheel Drive,Towbar possible,750.0,5.0,80367.0
105,MERCEDES-BENZ,EQE 350+,91.0,159.0,6.4,a2,530.0,171.0,790.0,0.0,82028.0,0.0,All Wheel Drive,Towbar possible,750.0,5.0,45825.0
1060,BMW,i5 M60 xDrive Sedan,81.2,254.0,3.8,a2,420.0,193.0,670.0,99500.0,108427.0,97745.0,All Wheel Drive,Towbar possible,1350.0,5.0,120488.0
107,CUPRA,Tavascan VZ,77.0,141.0,5.6,a1,430.0,179.0,640.0,58000.0,60000.0,55000.0,All Wheel Drive,Towbar not possible,0.0,4.0,68530.0
1080,XPENG,G9 RWD Standard Range,75.8,148.0,6.4,a2,395.0,192.0,830.0,50000.0,59188.0,0.0,All Wheel Drive,Towbar possible,1500.0,5.0,33065.0
109,SUBARU,Solterra AWD,64.0,179.0,6.4,a1,320.0,200.0,480.0,57490.0,59188.0,49995.0,All Wheel Drive,Towbar possible,750.0,5.0,67664.0
1100,XPENG,G6 RWD Long Range,87.5,102.0,6.7,a2,490.0,179.0,980.0,50000.0,52895.0,0.0,Rear Wheel Drive,Towbar possible,0.0,5.0,27933.0
111,MINI,Cooper SE,49.8,126.0,6.7,a1,305.0,163.0,440.0,37490.0,38990.0,34500.0,Front Wheel Drive,Towbar not possible,0.0,4.0,42987.0
112,HYUNDAI,IONIQ 6 Standard Range 2WD,60.0,123.0,8.8,a1,335.0,173.0,900.0,43900.0,45895.0,0.0,Rear Wheel Drive,Towbar possible,750.0,5.0,25639.0
1130,MASERATI,GranTurismo Folgore,83.0,275.0,2.7,a3,420.0,198.0,920.0,198212.0,199250.0,179950.0,All Wheel Drive,Towbar not possible,0.0,5.0,224217.0
114,VOLVO,Marvel R,79.0,135.0,7.3,a1,400.0,198.0,600.0,49975.0,51995.0,47495.0,Rear Wheel Drive,Towbar possible,1500.0,5.0,59440.0
115,TOYOTA,bZ4X AWD,64.0,181.0,6.9,a1,365.0,203.0,470.0,57390.0,52995.0,52510.0,All Wheel Drive,Towbar possible,750.0,5.0,65427.0
116,BMW,iX2 xDrive30,64.7,160.0,5.6,a1,380.0,170.0,510.0,56500.0,59350.0,57445.0,All Wheel Drive,Towbar possible,1200.0,5.0,71576.0
1170,FORD,Explorer Extended Range AWD,79.0,131.0,5.3,a1,430.0,184.0,690.0,53500.0,53950.0,53975.0,All Wheel Drive,Towbar possible,1200.0,5.0,67252.0
118,SKODA,Enyaq Coupe 85,77.0,109.0,6.7,a1,480.0,160.0,720.0,51150.0,52990.0,46440.0,Rear Wheel Drive,Towbar possible,1000.0,5.0,57864.0
1190,MG,ZS EV Standard Range,49.0,132.0,8.6,a1,265.0,185.0,250.0,33990.0,35885.0,31195.0,Front Wheel Drive,Towbar possible,0.0,5.0,37996.0
120,FISKER,Ocean Extreme,84.7,132.0,3.9,a2,490.0,217.0,580.0,61000.0,63590.0,57900.0,All Wheel Drive,Towbar possible,1200.0,5.0,72143.0
1210,VOLKSWAGEN,Enyaq Coupe 85x,77.0,130.0,6.6,a1,460.0,167.0,670.0,54795.0,54400.0,45875.0,Rear Wheel Drive,Towbar not possible,1200.0,5.0,71022.0
122,RENAULT,Twingo Electric,21.3,207.0,12.6,a1,280.0,158.0,290.0,28000.0,0.0,0.0,Rear Wheel Drive,Towbar not possible,0.0,4.0,29680.0
1230,POLESTAR,4 Long Range Single Motor,94.0,133.0,7.4,a1,495.0,190.0,670.0,63200.0,64800.0,59990.0,Rear Wheel Drive,Towbar possible,1200.0,5.0,74747.0
124,POLESTAR,4 Long Range Dual Motor,94.0,158.0,3.8,a2,465.0,202.0,630.0,71200.0,72800.0,66990.0,All Wheel Drive,Towbar possible,2000.0,5.0,80790.0
1250,FISKER,Ocean Ultra,106.5,115.0,4.2,a2,510.0,209.0,610.0,58900.0,58990.0,50900.0,All Wheel Drive,Towbar possible,1820.0,5.0,63421.0
126,TESLA,Model X Plaid,92.0,271.0,2.7,a3,455.0,209.0,630.0,115970.0,115993.0,120000.0,All Wheel Drive,Towbar possible,2250.0,4.0,149520.0
1270,MG,MG4 Electric XPOWER,61.7,137.0,3.8,a2,320.0,180.0,520.0,42000.0,42285.0,36495.0,Front Wheel Drive,Towbar not possible,500.0,5.0,45472.0
1280,ALFA ROMEO,Junior Elettrica 54 kWh,50.8,127.0,9.0,a1,315.0,161.0,500.0,39500.0,39000.0,36000.0,Front Wheel Drive,Towbar not possible,0.0,5.0,44856.0
129,OPEL,Mokka-e 50 kWh,46.3,121.0,9.2,a1,260.0,178.0,420.0,40650.0,36999.0,36610.0,Front Wheel Drive,Towbar not possible,0.0,5.0,45616.0
130,KIA,G80 Electrified Luxury,96.0,159.0,9.4,a1,450.0,213.0,850.0,72490.0,67995.0,53975.0,Rear Wheel Drive,Towbar possible,900.0,7.0,80983.0
131,PEUGEOT,e-208 50 kWh,46.3,127.0,9.0,a1,290.0,160.0,460.0,39995.0,35870.0,32650.0,Front Wheel Drive,Towbar not possible,0.0,5.0,40681.0
132,MERCEDES-BENZ,EQE 300,89.0,137.0,7.3,a2,525.0,170.0,660.0,67187.0,69928.0,50845.0,Rear Wheel Drive,Towbar possible,750.0,5.0,85737.0
1330,POLESTAR,2 Standard Range Single Motor,67.0,118.0,6.4,a2,405.0,165.0,480.0,46275.0,44950.0,44950.0,Rear Wheel Drive,Towbar possible,1500.0,5.0,56007.0
134,VOLKSWAGEN,ID.7 Tourer GTX,86.0,142.0,6.0,a1,470.0,179.0,770.0,59200.0,65000.0,65000.0,All Wheel Drive,Towbar possible,0.0,5.0,80990.0
135,POLESTAR,2 Long Range Dual Motor,79.0,125.0,4.5,a2,450.0,176.0,670.0,53000.0,55200.0,52950.0,All Wheel Drive,Towbar possible,1500.0,5.0,65975.0
136,MASERATI,GranCabrio Folgore,83.0,530.0,2.8,a3,395.0,210.0,870.0,206713.0,208250.0,185610.0,All Wheel Drive,Towbar possible,0.0,4.0,231270.0
137,HYUNDAI,Kona Electric 48 kWh,48.4,126.0,8.8,a1,295.0,164.0,500.0,41990.0,39995.0,31995.0,Front Wheel Drive,Towbar possible,300.0,5.0,38868.0
138,SMART,#3 Brabus,62.0,153.0,3.7,a1,335.0,185.0,520.0,50990.0,50895.0,48695.0,All Wheel Drive,Towbar possible,1600.0,5.0,56070.0
1390,PORSCHE,Macan Turbo Electric,95.0,239.0,4.0,a3,480.0,198.0,960.0,114600.0,121000.0,95000.0,All Wheel Drive,Towbar possible,2000.0,5.0,118370.0
1400,VOLKSWAGEN,ID.4 Pro 4MOTION,77.0,119.0,6.6,a1,425.0,181.0,630.0,49020.0,51990.0,0.0,All Wheel Drive,Towbar possible,1200.0,5.0,41424.0
1410,LANCIA,Ypsilon,48.1,131.0,8.6,a1,305.0,158.0,470.0,40000.0,40000.0,0.0,Front Wheel Drive,Towbar not possible,0.0,5.0,22346.0
1420,VOLKSWAGEN,ID.7 Tourer Pro S,86.0,153.0,7.0,a1,505.0,170.0,810.0,61000.0,61000.0,60000.0,Rear Wheel Drive,Towbar possible,900.0,5.0,74760.0
143,FIAT,600e,50.8,121.0,9.0,a1,305.0,167.0,490.0,36490.0,35990.0,32995.0,Front Wheel Drive,Towbar not possible,0.0,5.0,39865.0
144,NISSAN,Leaf e+,57.4,121.0,6.9,a1,340.0,174.0,240.0,40490.0,0.0,0.0,Front Wheel Drive,Towbar not possible,0.0,5.0,38262.0
145,PEUGEOT,e-5008 73 kWh,73.0,143.0,9.0,a1,370.0,197.0,430.0,52000.0,52000.0,48000.0,Front Wheel Drive,Towbar possible,1000.0,7.0,59808.0
146,MERCEDES-BENZ,EQB 350 4MATIC,66.5,187.0,6.2,a1,345.0,193.0,500.0,58197.0,69728.0,56810.0,All Wheel Drive,Towbar possible,1700.0,7.0,70785.0
1470,PORSCHE,Taycan Plus,97.0,193.0,4.8,a2,560.0,173.0,1230.0,107224.0,108100.0,90954.0,Rear Wheel Drive,Towbar not possible,0.0,5.0,113328.0
148,VOLKSWAGEN,ID.5 Pro,77.0,118.0,6.7,a1,455.0,169.0,650.0,53520.0,53990.0,50940.0,Rear Wheel Drive,Towbar possible,1000.0,5.0,63471.0
149,MERCEDES-BENZ,EQA 250+,70.5,129.0,8.6,a1,420.0,183.0,500.0,52205.0,52546.0,49750.0,Front Wheel Drive,Towbar possible,1500.0,5.0,61988.0
150,FORD,Mustang Mach-E ER AWD,91.0,156.0,5.8,a1,445.0,204.0,390.0,65900.0,66940.0,65405.0,All Wheel Drive,Towbar possible,1500.0,5.0,81494.0
151,AUDI,Q8 e-tron Sportback 55 quattro,106.0,183.0,5.6,a1,525.0,202.0,660.0,87550.0,85385.0,69995.0,All Wheel Drive,Towbar possible,1800.0,5.0,100053.0
152,XPENG,G9 RWD Long Range,86.0,130.0,6.4,a2,480.0,194.0,1120.0,61600.0,63188.0,0.0,Rear Wheel Drive,Towbar not possible,1500.0,5.0,35300.0
1530,RENAULT,5 E-Tech 40kWh 95hp,40.0,97.0,10.0,a1,260.0,154.0,350.0,25000.0,25000.0,22000.0,Front Wheel Drive,Towbar possible,500.0,5.0,27412.0
154,GWM,ORA 3 48 kWh,49.8,146.0,8.3,a1,260.0,175.0,240.0,38990.0,0.0,31995.0,Front Wheel Drive,Towbar not possible,0.0,5.0,39865.0
155,NIO,ET7 100 kWh,90.0,183.0,3.8,a2,490.0,178.0,530.0,90900.0,93900.0,0.0,All Wheel Drive,Towbar not possible,1000.0,5.0,52458.0
156,KIA,EV6 Standard Range 2WD,54.0,148.0,8.5,a1,305.0,177.0,750.0,46990.0,43495.0,0.0,Rear Wheel Drive,Towbar possible,750.0,5.0,24298.0
157,SKODA,Enyaq 60,58.0,133.0,8.7,a1,335.0,173.0,580.0,44200.0,44990.0,38970.0,Rear Wheel Drive,Towbar possible,1000.0,5.0,48556.0
158,ZEEKR,X Privilege AWD,64.0,143.0,8.7,a1,345.0,186.0,580.0,50470.0,48490.0,0.0,All Wheel Drive,Towbar possible,1600.0,5.0,27089.0
159,PEUGEOT,e-2008 54 kWh,50.8,136.0,9.1,a1,300.0,169.0,480.0,39450.0,41270.0,36350.0,Front Wheel Drive,Towbar not possible,0.0,5.0,45292.0
160,VOLKSWAGEN,Emeya,77.0,106.0,7.9,a1,455.0,169.0,680.0,47595.0,47990.0,42870.0,Rear Wheel Drive,Towbar not possible,0.0,4.0,53416.0
161,NIO,EL6 100 kWh,90.0,174.0,4.5,a2,435.0,207.0,630.0,74500.0,76900.0,0.0,All Wheel Drive,Towbar possible,1200.0,5.0,58562.0
162,VOYAH,Free 106 kWh,100.0,147.0,4.4,a2,480.0,208.0,360.0,0.0,74150.0,32400.0,All Wheel Drive,Towbar possible,2000.0,5.0,41424.0
1630,VOLKSWAGEN,ID. Buzz GTX,79.0,229.0,6.5,a1,335.0,236.0,520.0,75000.0,75000.0,70000.0,All Wheel Drive,Towbar possible,550.0,5.0,87220.0
1640,DACIA,Spring Electric 65 Extreme,25.0,153.0,13.7,a1,160.0,156.0,170.0,24550.0,0.0,0.0,Front Wheel Drive,Towbar not possible,0.0,4.0,26023.0
165,MERCEDES-BENZ,EQS 580 4MATIC,108.4,267.0,4.3,a2,590.0,184.0,880.0,106400.0,173825.0,0.0,All Wheel Drive,Towbar possible,750.0,5.0,97109.0
166,LUCID,Air Touring,100.0,173.0,3.2,a2,580.0,159.0,970.0,99000.0,102000.0,0.0,All Wheel Drive,Towbar not possible,0.0,5.0,62293.0
167,BMW,iX M60,105.2,286.0,3.8,a2,485.0,217.0,650.0,136100.0,138383.0,122775.0,All Wheel Drive,Towbar possible,2500.0,5.0,152977.0
168,PORSCHE,Taycan,82.3,212.0,4.8,a2,485.0,170.0,1070.0,101500.0,107000.0,86500.0,Rear Wheel Drive,Towbar not possible,0.0,5.0,107779.0
169,PORSCHE,Taycan Turbo GT,95.0,494.0,2.3,a3,475.0,197.0,1050.0,240000.0,249900.0,186300.0,All Wheel Drive,Towbar not possible,0.0,5.0,232129.0
1700,BMW,iX2 eDrive20,64.7,134.0,8.6,a1,395.0,164.0,530.0,49400.0,49976.0,51615.0,Front Wheel Drive,Towbar possible,750.0,5.0,56375.0
171,OPEL,Corsa Electric 50 kWh,50.0,121.0,8.7,a1,295.0,157.0,470.0,34650.0,34999.0,32445.0,Front Wheel Drive,Towbar not possible,0.0,5.0,40426.0
1720,PEUGEOT,e-308,50.8,150.0,9.8,a1,300.0,169.0,450.0,44765.0,42070.0,42025.0,Front Wheel Drive,Towbar not possible,0.0,5.0,52363.0
1730,VOLKSWAGEN,ID.4 Pure,52.0,140.0,9.0,a1,285.0,176.0,470.0,40335.0,44990.0,34195.0,Rear Wheel Drive,Towbar possible,1000.0,4.0,39734.0
174,PEUGEOT,e-5008 98 kWh Long Range,98.0,125.0,9.7,a1,490.0,200.0,640.0,60000.0,60000.0,51615.0,Front Wheel Drive,Towbar possible,0.0,7.0,68530.0
175,PEUGEOT,Marvel R,70.0,125.0,7.9,a2,365.0,192.0,400.0,46990.0,44485.0,0.0,Rear Wheel Drive,Towbar possible,750.0,5.0,24851.0
176,JAGUAR,Junior Elettrica 54 kWh Veloce,84.7,235.0,5.7,a2,380.0,223.0,360.0,92400.0,95450.0,69995.0,All Wheel Drive,Towbar possible,750.0,5.0,87213.0
177,AUDI,Q8 e-tron 50 quattro,89.0,175.0,6.0,a2,425.0,209.0,660.0,74400.0,71385.0,67800.0,All Wheel Drive,Towbar possible,1800.0,5.0,84478.0
178,VOLKSWAGEN,ID.4 GTX,77.0,140.0,5.4,a1,420.0,183.0,630.0,53255.0,60990.0,51000.0,All Wheel Drive,Towbar possible,1200.0,5.0,67115.0
179,DACIA,Spring Electric 65,25.0,124.0,13.7,a1,160.0,156.0,170.0,20000.0,20950.0,15995.0,Front Wheel Drive,Towbar not possible,0.0,4.0,19929.0
180,XPENG,G6 RWD Standard Range,66.0,120.0,6.9,a2,375.0,176.0,750.0,45000.0,45000.0,0.0,Rear Wheel Drive,Towbar possible,0.0,5.0,25139.0
1810,ROLLS-ROYCE,EX90 Twin Motor,63.0,137.0,7.5,a1,335.0,188.0,450.0,47490.0,44990.0,39645.0,Front Wheel Drive,Towbar possible,750.0,5.0,49397.0
182,VOLVO,EC40 Single Motor ER,79.0,137.0,7.3,a1,420.0,188.0,630.0,53514.0,53495.0,54305.0,All Wheel Drive,Towbar possible,1500.0,4.0,67664.0
183,CUPRA,Born VZ,79.0,112.0,5.7,a1,460.0,172.0,630.0,51150.0,50000.0,47000.0,Rear Wheel Drive,Towbar not possible,0.0,4.0,58562.0
184,VOLKSWAGEN,EX30 Single Motor ER,79.0,112.0,6.0,a1,460.0,172.0,690.0,50000.0,50000.0,47000.0,Rear Wheel Drive,Towbar not possible,0.0,4.0,58562.0
185,AUDI,Q4 e-tron 55 quattro,77.0,160.0,5.4,a1,395.0,195.0,590.0,59000.0,64615.0,57125.0,All Wheel Drive,Towbar not possible,1200.0,5.0,72205.0
186,PEUGEOT,e-208 51 kWh,48.1,135.0,8.2,a1,310.0,155.0,480.0,40325.0,37170.0,32400.0,Front Wheel Drive,Towbar not possible,300.0,5.0,40370.0
187,VINFAST,VF 9 Extended Range,123.0,174.0,6.5,a2,520.0,237.0,520.0,89790.0,91300.0,0.0,All Wheel Drive,Towbar not possible,0.0,7.0,51005.0
188,LUCID,EQB 300 4MATIC,66.5,169.0,8.0,a1,345.0,193.0,500.0,55519.0,53900.0,0.0,All Wheel Drive,Towbar possible,1700.0,7.0,34289.0
189,SKODA,Enyaq 85x,77.0,122.0,6.6,a1,440.0,175.0,660.0,51150.0,0.0,48605.0,All Wheel Drive,Towbar possible,1000.0,5.0,60561.0
190,KIA,e-Soul 64 kWh,64.0,125.0,7.9,a1,370.0,173.0,350.0,47450.0,0.0,39075.0,Front Wheel Drive,Towbar possible,0.0,5.0,48687.0
191,RENAULT,Kangoo E-Tech Electric,45.0,179.0,12.6,a1,220.0,205.0,230.0,39300.0,0.0,0.0,Front Wheel Drive,Towbar not possible,1500.0,4.0,41658.0
1920,MASERATI,Grecale Folgore,95.0,313.0,4.1,a2,400.0,238.0,440.0,124301.0,124600.0,109905.0,All Wheel Drive,Towbar possible,1800.0,5.0,136941.0
1930,POLESTAR,Mustang Mach-E ER RWD,107.0,177.0,5.0,a2,490.0,218.0,780.0,94900.0,86950.0,75900.0,All Wheel Drive,Towbar possible,2200.0,5.0,94571.0
194,LOTUS,Eletre R,109.0,326.0,2.9,a3,455.0,240.0,950.0,151990.0,154090.0,121305.0,All Wheel Drive,Towbar possible,2250.0,5.0,151146.0
1950,NIO,EL7 100 kWh,90.0,224.0,3.9,a2,430.0,209.0,450.0,94900.0,101535.0,0.0,All Wheel Drive,Towbar possible,2000.0,5.0,57259.0
196,CITROEN,e-C4 X,46.3,132.0,9.7,a1,285.0,162.0,460.0,40540.0,36999.0,31995.0,Front Wheel Drive,Towbar not possible,0.0,5.0,39865.0
1970,VOLVO,EX40 Single Motor,64.0,144.0,5.9,a1,345.0,194.0,530.0,49990.0,45995.0,45955.0,Rear Wheel Drive,Towbar possible,1500.0,5.0,57259.0
198,XPENG,P7 Wing Edition,82.7,155.0,4.1,a2,455.0,182.0,730.0,69600.0,71188.0,0.0,All Wheel Drive,Towbar not possible,750.0,5.0,39769.0
199,SKODA,Enyaq Coupe RS,77.0,139.0,5.5,a1,455.0,180.0,680.0,53400.0,63690.0,54820.0,All Wheel Drive,Towbar possible,1200.0,5.0,68305.0
2000,FORD,Mustang Mach-E SR RWD,72.6,141.0,7.3,a1,440.0,191.0,460.0,55800.0,46300.0,50830.0,Rear Wheel Drive,Towbar possible,750.0,5.0,63334.0
201,AUDI,Q4 Sportback e-tron 45,77.0,132.0,6.7,a1,435.0,177.0,650.0,54950.0,56915.0,52245.0,Rear Wheel Drive,Towbar possible,1000.0,5.0,65097.0
2020,NIO,EX40 Twin Motor,79.0,173.0,4.8,a1,385.0,205.0,570.0,59590.0,0.0,55570.0,All Wheel Drive,Towbar possible,1800.0,5.0,72025.0
203,SSANGYONG,Korando e-Motion,56.0,139.0,8.5,a1,290.0,193.0,330.0,40490.0,39990.0,0.0,Front Wheel Drive,Towbar possible,1500.0,5.0,22340.0
204,SMART,#1 Pro,47.0,148.0,6.7,a1,250.0,188.0,320.0,37490.0,0.0,31950.0,Rear Wheel Drive,Towbar not possible,0.0,5.0,39809.0
2050,AUDI,SQ6 e-tron,102.0,225.0,4.3,a2,475.0,213.0,890.0,93800.0,100000.0,92950.0,All Wheel Drive,Towbar possible,2400.0,5.0,115815.0
206,SERES,3,51.0,146.0,8.9,a1,260.0,170.0,240.0,0.0,37995.0,0.0,Front Wheel Drive,Towbar not possible,0.0,5.0,21226.0
207,VOLVO,EX90 Twin Motor,107.0,209.0,5.9,a1,465.0,233.0,610.0,91700.0,88995.0,96255.0,All Wheel Drive,Towbar possible,2200.0,7.0,119933.0
2080,JAGUAR,i7 eDrive50,101.7,227.0,5.5,a2,520.0,196.0,780.0,115700.0,122463.0,100205.0,Rear Wheel Drive,Towbar not possible,0.0,5.0,124855.0
2090,MAXUS,Cooper E,36.8,150.0,7.3,a1,230.0,160.0,350.0,36590.0,35990.0,30000.0,Front Wheel Drive,Towbar not possible,0.0,4.0,37380.0
210,FIAT,Q4 e-tron 45 quattro,77.0,145.0,6.6,a1,395.0,180.0,590.0,54950.0,56865.0,52175.0,All Wheel Drive,Towbar possible,1200.0,5.0,65010.0
211,OPEL,Corsa Electric 51 kWh,48.1,124.0,8.1,a1,315.0,153.0,460.0,38045.0,37999.0,35475.0,Front Wheel Drive,Towbar not possible,0.0,5.0,44201.0
212,BMW,i5 eDrive40 Touring,81.2,170.0,6.1,a2,455.0,178.0,730.0,72200.0,75200.0,69945.0,Rear Wheel Drive,Towbar possible,1500.0,5.0,87151.0
2130,MERCEDES-BENZ,EQS 450 4MATIC,108.4,189.0,5.6,a2,610.0,178.0,580.0,113359.0,116955.0,0.0,All Wheel Drive,Towbar possible,750.0,5.0,65338.0
2140,HONGQI,E-HS9 84 kWh,76.5,219.0,6.5,a2,320.0,239.0,440.0,0.0,69995.0,0.0,All Wheel Drive,Towbar possible,1500.0,5.0,39103.0
2150,MG,Marvel R Performance,75.8,148.0,4.9,a2,350.0,200.0,380.0,50990.0,52485.0,0.0,All Wheel Drive,Towbar possible,750.0,5.0,29321.0
2160,RENAULT,Q4 e-tron 45 quattro,60.0,134.0,8.6,a1,340.0,176.0,400.0,41400.0,42470.0,0.0,Front Wheel Drive,Towbar possible,1100.0,5.0,23726.0
217,RENAULT,Megane E-Tech EV60 130hp,60.0,135.0,8.7,a1,380.0,158.0,530.0,47000.0,39370.0,0.0,Front Wheel Drive,Towbar possible,500.0,5.0,34075.0
2180,SMART,#3 Premium,62.0,130.0,5.8,a1,355.0,175.0,550.0,46490.0,46055.0,40000.0,Rear Wheel Drive,Towbar possible,1600.0,5.0,49840.0
2190,FIAT,500e Hatchback 24 kWh,21.3,228.0,9.0,a1,135.0,158.0,230.0,30990.0,28990.0,28195.0,Front Wheel Drive,Towbar not possible,0.0,4.0,35130.0
2200,MINI,Megane E-Tech EV40 130hp,40.0,151.0,10.0,a1,260.0,154.0,370.0,42000.0,36370.0,0.0,Front Wheel Drive,Towbar possible,500.0,5.0,20318.0
221,GENESIS,GV60 Premium,74.0,159.0,7.8,a1,390.0,190.0,1020.0,0.0,0.0,53905.0,Rear Wheel Drive,Towbar possible,1600.0,4.0,67165.0
2220,LOTUS,Emeya,106.5,206.0,4.2,a2,530.0,211.0,1230.0,106400.0,109685.0,96255.0,All Wheel Drive,Towbar not possible,0.0,5.0,119933.0
223,OPEL,Astra Sports Tourer Electric,50.8,141.0,9.3,a1,310.0,164.0,500.0,43490.0,41499.0,39995.0,Front Wheel Drive,Towbar possible,0.0,5.0,49833.0
2240,XPENG,P7 RWD Long Range,82.7,102.0,6.7,a2,495.0,167.0,800.0,49600.0,51188.0,0.0,Rear Wheel Drive,Towbar not possible,0.0,5.0,28596.0
225,MERCEDES-BENZ,EQS SUV 450+,118.0,219.0,6.8,a2,540.0,219.0,680.0,110970.0,125425.0,0.0,Rear Wheel Drive,Towbar possible,750.0,7.0,70069.0
2260,RENAULT,5 E-Tech 40kWh 120hp,40.0,107.0,9.0,a1,260.0,154.0,340.0,28000.0,28000.0,24000.0,Front Wheel Drive,Towbar possible,500.0,5.0,29904.0
2270,FORD,Mustang Mach-E GT,91.0,187.0,3.7,a2,425.0,214.0,380.0,77300.0,75200.0,74540.0,All Wheel Drive,Towbar possible,750.0,5.0,92876.0
228,BMW,i7 M70 xDrive,94.9,381.0,3.7,a2,490.0,208.0,730.0,181800.0,189877.0,163315.0,All Wheel Drive,Towbar not possible,0.0,5.0,203490.0
2290,PEUGEOT,e-308 SW,50.8,151.0,10.0,a1,300.0,169.0,450.0,45765.0,42570.0,41250.0,Front Wheel Drive,Towbar not possible,300.0,5.0,51397.0
230,XPENG,G6 AWD Performance,87.5,125.0,4.1,a2,480.0,182.0,960.0,60000.0,60000.0,0.0,All Wheel Drive,Towbar possible,0.0,5.0,43360.0
2310,MERCEDES-BENZ,EQS SUV Maybach 680,118.0,275.0,4.4,a2,490.0,241.0,620.0,200634.0,216780.0,200000.0,All Wheel Drive,Towbar not possible,1800.0,4.0,249200.0
232,PEUGEOT,ID.5 GTX,46.3,144.0,9.9,a1,270.0,171.0,430.0,38600.0,39270.0,0.0,Front Wheel Drive,Towbar not possible,750.0,4.0,21938.0
233,NISSAN,Townstar EV Passenger,45.0,178.0,12.6,a1,225.0,200.0,230.0,39990.0,39270.0,0.0,Front Wheel Drive,Towbar possible,1500.0,5.0,42389.0
2340,AUDI,SQ8 e-tron,106.0,225.0,4.5,a2,455.0,233.0,570.0,95800.0,99135.0,97500.0,All Wheel Drive,Towbar possible,1800.0,5.0,114325.0
235,FORD,Explorer Standard Range RWD,52.0,155.0,9.0,a1,280.0,186.0,350.0,43900.0,41450.0,39875.0,Rear Wheel Drive,Towbar possible,1000.0,5.0,49684.0
236,PORSCHE,Taycan Turbo GT Weissach,97.0,494.0,2.2,a3,475.0,204.0,1030.0,240000.0,249900.0,186300.0,All Wheel Drive,Towbar not possible,0.0,2.0,232129.0
237,GWM,ORA 3 63 kWh,59.3,125.0,8.2,a1,340.0,174.0,290.0,44490.0,39905.0,34995.0,Front Wheel Drive,Towbar not possible,0.0,5.0,43603.0
2380,MG,MG5 Electric Standard Range,46.0,135.0,7.7,a1,265.0,174.0,320.0,35490.0,35885.0,0.0,Front Wheel Drive,Towbar possible,500.0,4.0,20047.0
2390,MERCEDES-BENZ,EQS SUV 580 4MATIC,118.0,303.0,4.7,a2,530.0,223.0,670.0,147923.0,173825.0,139470.0,All Wheel Drive,Towbar possible,1800.0,7.0,173779.0
2400,LUCID,Air Pure RWD,92.0,153.0,4.7,a2,565.0,163.0,940.0,85000.0,88000.0,0.0,All Wheel Drive,Towbar not possible,0.0,5.0,49162.0
241,VOLVO,MG5 Electric Long Range,67.0,152.0,7.3,a1,360.0,186.0,560.0,52690.0,50495.0,52555.0,All Wheel Drive,Towbar not possible,1500.0,5.0,65483.0
242,PORSCHE,Taycan 4S Plus,97.0,227.0,3.7,a2,550.0,176.0,1210.0,126422.0,132631.0,100555.0,All Wheel Drive,Towbar not possible,0.0,5.0,124844.0
243,SKODA,Enyaq Coupe 85x,77.0,118.0,6.6,a1,425.0,164.0,700.0,53400.0,0.0,50305.0,All Wheel Drive,Towbar possible,1200.0,5.0,62680.0
2440,MAXUS,#3 Pro,47.0,147.0,5.9,a1,265.0,177.0,340.0,38490.0,38395.0,35000.0,Rear Wheel Drive,Towbar not possible,0.0,5.0,43610.0
2450,SMART,Countryman SE ALL4,64.7,138.0,5.6,a1,370.0,175.0,500.0,49500.0,49490.0,41975.0,All Wheel Drive,Towbar possible,1200.0,5.0,58786.0
246,DS,3 E-Tense,50.8,137.0,7.8,a1,290.0,164.0,480.0,40540.0,39640.0,37200.0,Front Wheel Drive,Towbar not possible,0.0,5.0,46351.0
247,VOLVO,EX90 Twin Motor Performance,107.0,230.0,4.9,a1,450.0,238.0,590.0,96800.0,98495.0,100555.0,All Wheel Drive,Towbar possible,2200.0,7.0,125291.0
2480,LEXUS,UX 300e,64.0,145.0,7.5,a1,340.0,188.0,170.0,0.0,0.0,47495.0,Front Wheel Drive,Towbar not possible,0.0,5.0,59178.0
2490,MERCEDES-BENZ,EQE SUV 350 4MATIC,94.9,217.0,5.5,a2,435.0,208.0,550.0,89548.0,99089.0,0.0,All Wheel Drive,Towbar possible,1800.0,5.0,55357.0
2500,POLESTAR,2 Long Range Performance,79.0,139.0,4.2,a1,450.0,176.0,670.0,58775.0,61700.0,57950.0,All Wheel Drive,Towbar possible,1500.0,5.0,72205.0
251,XPENG,G9 AWD Performance,86.4,154.0,3.9,a2,465.0,183.0,1080.0,69600.0,73188.0,0.0,All Wheel Drive,Towbar possible,1500.0,5.0,40887.0
252,PEUGEOT,i5 xDrive40 Sedan,81.2,210.0,5.4,a2,455.0,202.0,730.0,75600.0,80227.0,0.0,All Wheel Drive,Towbar not possible,2000.0,5.0,44819.0
253,OPEL,Ariya e-4ORCE 87kWh - 225 kW,87.0,144.0,7.2,a2,400.0,215.0,480.0,61990.0,54990.0,50845.0,All Wheel Drive,Towbar possible,1500.0,4.0,63352.0
2540,CUPRA,Tavascan Endurance,77.0,122.0,6.8,a1,450.0,186.0,670.0,52000.0,55000.0,50000.0,Rear Wheel Drive,Towbar not possible,0.0,5.0,62300.0
255,NIO,ET5 75 kWh,70.5,155.0,4.0,a2,395.0,178.0,590.0,59500.0,62700.0,0.0,All Wheel Drive,Towbar possible,1400.0,5.0,35027.0
256,MERCEDES-BENZ,EQE 350 4MATIC,89.0,192.0,6.3,a2,440.0,192.0,640.0,74149.0,86263.0,0.0,All Wheel Drive,Towbar possible,750.0,5.0,48191.0
257,AIWAYS,U5,60.0,137.0,7.5,a1,315.0,190.0,380.0,39563.0,42950.0,0.0,Front Wheel Drive,Towbar not possible,0.0,5.0,23994.0
2580,CITROEN,e-C4 X 54 kWh,50.8,143.0,9.3,a1,330.0,154.0,470.0,41540.0,40755.0,0.0,Front Wheel Drive,Towbar not possible,0.0,5.0,22768.0
2590,MERCEDES-BENZ,IONIQ 5 N,98.0,307.0,3.4,a2,535.0,203.0,800.0,155009.0,173825.0,0.0,All Wheel Drive,Towbar possible,750.0,5.0,97109.0
2600,FIAT,500e 3+1 42 kWh,37.3,174.0,9.0,a1,235.0,159.0,390.0,36990.0,35490.0,0.0,Front Wheel Drive,Towbar not possible,0.0,4.0,19826.0
261,ABARTH,500e Hatchback,37.8,172.0,7.0,a1,225.0,168.0,370.0,37990.0,38490.0,34195.0,Front Wheel Drive,Towbar not possible,0.0,4.0,42606.0
262,OPEL,Mokka-e 54 kWh,50.8,144.0,9.0,a1,290.0,175.0,460.0,44720.0,37999.0,37260.0,Front Wheel Drive,Towbar not possible,0.0,5.0,46425.0
263,NIO,ET5 Touring 100 kWh,90.0,169.0,4.0,a2,420.0,186.0,700.0,68500.0,72900.0,0.0,All Wheel Drive,Towbar possible,1400.0,5.0,40726.0
264,FISKER,Ocean Sport,71.0,124.0,7.4,a1,350.0,175.0,470.0,45765.0,43990.0,36900.0,Front Wheel Drive,Towbar possible,1090.0,5.0,39734.0
265,AUDI,Q4 Sportback e-tron 55 quattro,77.0,151.0,5.4,a1,415.0,186.0,620.0,61000.0,66665.0,58625.0,All Wheel Drive,Towbar possible,1200.0,5.0,73046.0
2660,MERCEDES-BENZ,EQS SUV 450 4MATIC,118.0,247.0,6.1,a2,530.0,223.0,670.0,150990.0,155025.0,129470.0,All Wheel Drive,Towbar possible,1600.0,7.0,161319.0
2670,ZEEKR,X Long Range RWD,64.0,126.0,5.6,a1,355.0,180.0,590.0,45970.0,43490.0,0.0,Rear Wheel Drive,Towbar possible,1600.0,5.0,24296.0
2680,CUPRA,Born 170 kW - 58 kWh,58.0,121.0,6.6,a1,345.0,168.0,460.0,40750.0,38989.0,39205.0,Front Wheel Drive,Towbar not possible,0.0,5.0,48849.0
269,CITROEN,e-C4 54 kWh,49.8,123.0,9.2,a1,330.0,154.0,470.0,41540.0,39905.0,0.0,Front Wheel Drive,Towbar not possible,0.0,5.0,22293.0
270,MERCEDES-BENZ,EQA 300 4MATIC,66.5,161.0,7.7,a1,350.0,190.0,500.0,53520.0,58959.0,0.0,All Wheel Drive,Towbar possible,1800.0,5.0,32938.0
271,NISSAN,Ariya e-4ORCE 87kWh - 290 kW,87.0,168.0,5.1,a2,405.0,215.0,480.0,59500.0,64990.0,0.0,All Wheel Drive,Towbar not possible,1500.0,5.0,36307.0
2720,GENESIS,G80 Electrified Luxury,74.4,170.0,4.9,a2,370.0,188.0,800.0,69200.0,0.0,69805.0,All Wheel Drive,Towbar not possible,0.0,5.0,86977.0
2730,MERCEDES-BENZ,EQE 350,89.0,157.0,6.4,a2,515.0,173.0,650.0,71400.0,83238.0,77345.0,Rear Wheel Drive,Towbar possible,750.0,5.0,96371.0
274,VOLKSWAGEN,ID.5 GTX,77.0,142.0,5.5,a1,430.0,179.0,640.0,56455.0,62990.0,55365.0,All Wheel Drive,Towbar possible,1200.0,5.0,65226.0
2750,ZEEKR,001 Privilege AWD,94.0,139.0,3.8,a2,495.0,190.0,670.0,68970.0,68490.0,0.0,All Wheel Drive,Towbar possible,2000.0,5.0,38262.0
276,VOLKSWAGEN,ID.3 GTX Performance,79.0,141.0,5.6,a2,460.0,172.0,690.0,53000.0,53000.0,50000.0,Rear Wheel Drive,Towbar not possible,0.0,4.0,62300.0
2770,MERCEDES-BENZ,Eletre S,109.0,255.0,4.5,a2,480.0,227.0,1000.0,121990.0,124090.0,105805.0,All Wheel Drive,Towbar possible,2250.0,5.0,131833.0
2780,VOLVO,G9 AWD Performance,79.0,169.0,4.8,a1,400.0,198.0,600.0,61290.0,0.0,57805.0,All Wheel Drive,Towbar possible,1800.0,5.0,72025.0
279,PEUGEOT,e-3008 73 kWh Dual Motor,70.0,136.0,6.4,a1,380.0,192.0,440.0,50000.0,50000.0,48000.0,All Wheel Drive,Towbar possible,1350.0,5.0,59808.0
2800,HONGQI,E-HS9 120 kWh,112.0,224.0,4.9,a2,460.0,243.0,420.0,0.0,102995.0,0.0,All Wheel Drive,Towbar possible,1500.0,5.0,57539.0
2810,GENESIS,G6 RWD Long Range,74.0,203.0,4.2,a2,350.0,211.0,860.0,67300.0,0.0,65105.0,All Wheel Drive,Towbar possible,1800.0,5.0,81120.0
2820,MERCEDES-BENZ,EQE SUV 350+,96.0,188.0,6.9,a2,475.0,200.0,660.0,86811.0,91950.0,0.0,Rear Wheel Drive,Towbar not possible,1200.0,5.0,51368.0
283,MERCEDES-BENZ,EQE AMG 43 4MATIC,90.6,240.0,4.2,a2,450.0,192.0,670.0,104756.0,111068.0,0.0,All Wheel Drive,Towbar possible,750.0,5.0,62049.0
284,FORD,Mustang Mach-E SR AWD,72.6,170.0,6.2,a1,350.0,207.0,430.0,55970.0,59400.0,0.0,All Wheel Drive,Towbar possible,750.0,5.0,33184.0
285,MERCEDES-BENZ,EQS 500 4MATIC,108.4,229.0,4.8,a2,590.0,184.0,880.0,113359.0,145390.0,0.0,All Wheel Drive,Towbar possible,750.0,5.0,81223.0
2860,CITROEN,e-Berlingo XL 50 kWh,50.0,171.0,11.7,a1,230.0,217.0,340.0,40650.0,43178.0,31890.0,Front Wheel Drive,Towbar possible,750.0,7.0,39734.0
2870,MERCEDES-BENZ,EQE SUV 500 4MATIC,96.0,238.0,4.9,a2,455.0,211.0,630.0,99841.0,116755.0,0.0,All Wheel Drive,Towbar possible,1800.0,5.0,65226.0
288,MERCEDES-BENZ,EQE AMG 53 4MATIC+,102.0,275.0,3.5,a2,450.0,201.0,670.0,110706.0,128613.0,114750.0,All Wheel Drive,Towbar possible,750.0,5.0,142978.0
289,JAGUAR,i5 M60 xDrive Touring,81.2,263.0,3.9,a2,415.0,196.0,670.0,101500.0,114144.0,44990.0,All Wheel Drive,Towbar possible,2000.0,5.0,72205.0
290,MERCEDES-BENZ,EQA 350 4MATIC,66.5,178.0,6.6,a1,350.0,190.0,500.0,56424.0,67308.0,54510.0,All Wheel Drive,Towbar possible,1800.0,5.0,66187.0
2910,PORSCHE,Taycan 4S,82.3,251.0,3.7,a2,475.0,173.0,1050.0,120900.0,126800.0,95900.0,All Wheel Drive,Towbar not possible,0.0,5.0,119491.0
292,AUDI,Q4 Sportback e-tron 45 quattro,77.0,144.0,6.6,a1,415.0,186.0,620.0,56950.0,58915.0,41250.0,All Wheel Drive,Towbar possible,1200.0,5.0,49664.0
293,VOLKSWAGEN,ID. Buzz LWB GTX,86.0,225.0,6.5,a1,355.0,242.0,570.0,77300.0,78000.0,73000.0,All Wheel Drive,Towbar possible,1600.0,7.0,90958.0
294,SMART,#3 Pro+,62.0,122.0,5.8,a1,355.0,175.0,550.0,43490.0,43395.0,37000.0,Front Wheel Drive,Towbar possible,1600.0,5.0,46102.0
2950,GWM,e.wave X,27.0,167.0,12.0,a1,150.0,180.0,0.0,24990.0,0.0,0.0,Rear Wheel Drive,Towbar not possible,0.0,4.0,26489.0
2960,LOTUS,Emeya S,100.0,241.0,4.2,a2,530.0,189.0,1230.0,126950.0,130585.0,108755.0,All Wheel Drive,Towbar not possible,0.0,5.0,135508.0
297,POLESTAR,3 Long Range Performance,107.0,198.0,4.7,a2,470.0,228.0,610.0,92190.0,93550.0,81500.0,All Wheel Drive,Towbar not possible,2200.0,5.0,101549.0
298,FIAT,500e Cabrio 42 kWh,37.3,166.0,9.0,a1,250.0,162.0,380.0,37990.0,39000.0,34195.0,Front Wheel Drive,Towbar not possible,0.0,4.0,42389.0
299,CITROEN,e-Berlingo M 50 kWh,50.0,162.0,9.3,a1,235.0,213.0,350.0,36940.0,41358.0,30990.0,Front Wheel Drive,Towbar possible,750.0,5.0,38613.0
300,VOLVO,EC40 Twin Motor Performance,76.5,157.0,4.6,a1,400.0,198.0,600.0,64390.0,60995.0,0.0,All Wheel Drive,Towbar possible,1400.0,5.0,34075.0
301,LOTUS,Emeya R,100.0,303.0,2.8,a2,470.0,213.0,1090.0,150990.0,155025.0,131255.0,All Wheel Drive,Towbar not possible,0.0,5.0,125098.0
302,MERCEDES-BENZ,EQE 500 4MATIC,90.6,230.0,4.7,a2,505.0,179.0,750.0,88215.0,113488.0,0.0,All Wheel Drive,Towbar possible,750.0,5.0,63401.0
3030,PORSCHE,P7 Wing Edition,97.0,410.0,2.8,a3,500.0,194.0,1100.0,209900.0,184000.0,161400.0,All Wheel Drive,Towbar not possible,0.0,5.0,201104.0
3040,SMART,#1 Premium,62.0,134.0,6.7,a1,335.0,185.0,480.0,44990.0,44895.0,38950.0,Rear Wheel Drive,Towbar possible,1600.0,5.0,46102.0
3050,VOLVO,EX40 Twin Motor Performance,79.0,161.0,4.6,a1,380.0,192.0,570.0,62890.0,59495.0,0.0,All Wheel Drive,Towbar not possible,1200.0,5.0,33237.0
306,MERCEDES-BENZ,EQT 200 Standard,61.9,216.0,12.6,a1,225.0,200.0,230.0,49445.0,47753.0,33795.0,Front Wheel Drive,Towbar possible,1500.0,5.0,26677.0
3070,MERCEDES-BENZ,EQE SUV 300,95.0,186.0,7.6,a2,450.0,196.0,570.0,83479.0,83480.0,0.0,Rear Wheel Drive,Towbar possible,750.0,5.0,46636.0
308,VOLVO,EX90 Single Motor,101.0,182.0,4.6,a1,460.0,194.0,600.0,83700.0,83495.0,0.0,Rear Wheel Drive,Towbar possible,1200.0,7.0,47430.0
309,PORSCHE,Taycan 4 Cross Turismo,97.0,251.0,4.7,a2,505.0,192.0,1110.0,113100.0,119400.0,96800.0,All Wheel Drive,Towbar not possible,0.0,5.0,120612.0
3100,AUDI,SQ8 e-tron Sportback,106.0,216.0,4.5,a2,480.0,221.0,610.0,96800.0,101535.0,69800.0,All Wheel Drive,Towbar possible,1800.0,5.0,124600.0
311,MERCEDES-BENZ,EQE SUV AMG 53 4MATIC+,90.6,263.0,3.5,a2,525.0,221.0,610.0,139438.0,149788.0,0.0,All Wheel Drive,Towbar possible,1800.0,5.0,83680.0
312,LEXUS,P7 AWD Performance,82.7,130.0,4.1,a2,460.0,180.0,740.0,56500.0,61188.0,0.0,All Wheel Drive,Towbar not possible,0.0,5.0,34183.0
313,SKODA,Enyaq RS,77.0,140.0,5.5,a1,435.0,177.0,650.0,50470.0,0.0,53120.0,All Wheel Drive,Towbar possible,1250.0,5.0,66187.0
3140,AUDI,Q8 e-tron Sportback 50 quattro,101.0,173.0,6.0,a2,445.0,200.0,690.0,76650.0,73785.0,70300.0,All Wheel Drive,Towbar possible,1800.0,5.0,113143.0
315,VINFAST,VF 8 Eco Extended Range,87.7,126.0,5.9,a2,425.0,193.0,550.0,52990.0,53900.0,0.0,All Wheel Drive,Towbar not possible,0.0,5.0,30111.0
316,BYD,DOLPHIN 44.9 kWh Boost,44.9,125.0,8.0,a1,255.0,176.0,260.0,30000.0,32990.0,28500.0,Front Wheel Drive,Towbar not possible,0.0,5.0,35511.0
317,GWM,ORA 3 GT,59.3,152.0,8.2,a1,325.0,182.0,280.0,49490.0,0.0,0.0,Front Wheel Drive,Towbar not possible,0.0,5.0,52459.0
318,MERCEDES-BENZ,EQS SUV 500 4MATIC,118.0,257.0,4.1,a2,530.0,223.0,670.0,124545.0,148173.0,0.0,All Wheel Drive,Towbar possible,1800.0,7.0,82778.0
319,MERCEDES-BENZ,eVito Tourer Long 90 kWh,90.0,245.0,12.1,a1,320.0,281.0,320.0,72043.0,84773.0,0.0,Front Wheel Drive,Towbar not possible,0.0,8.0,47359.0
320,MERCEDES-BENZ,EX90 Twin Motor,96.0,308.0,4.3,a2,500.0,218.0,620.0,124920.0,130791.0,0.0,All Wheel Drive,Towbar possible,1800.0,5.0,73067.0
321,PORSCHE,Taycan 4S Cross Turismo,92.0,247.0,3.8,a2,505.0,192.0,1110.0,126400.0,126800.0,100400.0,All Wheel Drive,Towbar not possible,0.0,5.0,125098.0
322,PORSCHE,SQ8 e-tron Sportback,97.0,329.0,2.7,a3,520.0,187.0,1140.0,175600.0,183000.0,134100.0,All Wheel Drive,Towbar not possible,0.0,5.0,167088.0
3230,GENESIS,IONIQ 5 N,74.0,171.0,5.5,a2,380.0,195.0,990.0,61290.0,0.0,58365.0,All Wheel Drive,Towbar possible,1600.0,5.0,72722.0
324,SKODA,Enyaq Coupe 60,58.0,134.0,8.8,a1,355.0,163.0,480.0,46850.0,47990.0,0.0,Rear Wheel Drive,Towbar possible,1000.0,5.0,26810.0
325,KIA,e-Soul 39.2 kWh,39.2,164.0,9.9,a1,230.0,184.0,200.0,0.0,0.0,32875.0,Front Wheel Drive,Towbar not possible,0.0,5.0,40962.0
326,AIWAYS,U6,60.0,138.0,7.0,a1,350.0,171.0,430.0,47588.0,48975.0,0.0,Front Wheel Drive,Towbar not possible,300.0,5.0,33065.0
327,ELARIS,BEO 86 kWh,81.0,136.0,8.0,a1,390.0,208.0,290.0,40490.0,0.0,0.0,All Wheel Drive,Towbar not possible,0.0,5.0,44856.0
328,PEUGEOT,e-5008 73 kWh Dual Motor,73.0,154.0,6.0,a1,385.0,200.0,480.0,52950.0,55000.0,51000.0,All Wheel Drive,Towbar possible,0.0,7.0,63546.0
329,PORSCHE,Taycan Turbo S Cross Turismo,97.0,434.0,2.5,a2,475.0,204.0,1050.0,211300.0,155025.0,162500.0,All Wheel Drive,Towbar not possible,0.0,5.0,202475.0
330,NIO,ET5 Touring 75 kWh,73.0,160.0,4.0,a2,385.0,183.0,570.0,59500.0,63900.0,0.0,All Wheel Drive,Towbar possible,1400.0,5.0,35698.0
331,VOLKSWAGEN,ID. Buzz LWB Pro,77.0,210.0,7.9,a1,335.0,230.0,460.0,70000.0,70000.0,62000.0,Rear Wheel Drive,Towbar possible,0.0,7.0,77252.0
332,PORSCHE,Taycan 4S Sport Turismo,82.3,280.0,3.7,a2,490.0,191.0,950.0,121990.0,127800.0,96700.0,All Wheel Drive,Towbar not possible,0.0,5.0,120488.0
3330,MERCEDES-BENZ,EL7 75 kWh,94.9,257.0,3.9,a2,340.0,202.0,510.0,85900.0,88900.0,0.0,All Wheel Drive,Towbar possible,2000.0,5.0,49664.0
334,PORSCHE,Taycan Sport Turismo,82.3,233.0,4.8,a2,445.0,185.0,980.0,102400.0,108100.0,87300.0,Rear Wheel Drive,Towbar not possible,0.0,5.0,108775.0
3350,PORSCHE,Taycan Plus Sport Turismo,97.0,212.0,4.8,a2,515.0,188.0,900.0,108124.0,114144.0,91754.0,Rear Wheel Drive,Towbar not possible,900.0,4.0,114325.0
3360,SMART,#1 Pulse,51.0,142.0,4.5,a1,300.0,191.0,500.0,46490.0,46055.0,0.0,All Wheel Drive,Towbar possible,1600.0,5.0,25729.0
337,VINFAST,VF 8 Plus Extended Range,87.7,140.0,5.5,a2,425.0,206.0,550.0,58890.0,59790.0,0.0,All Wheel Drive,Towbar not possible,0.0,5.0,33402.0
3380,PEUGEOT,Taycan Turbo S Sport Turismo,97.0,447.0,2.4,a2,460.0,195.0,1010.0,210800.0,219900.0,114750.0,All Wheel Drive,Towbar not possible,0.0,5.0,201976.0
339,NIO,EL6 75 kWh,70.5,191.0,4.5,a2,350.0,201.0,520.0,65500.0,67900.0,0.0,All Wheel Drive,Towbar possible,1200.0,5.0,37933.0
3400,FIAT,500e Cabrio 24 kWh,21.3,250.0,9.0,a1,135.0,158.0,230.0,35490.0,31990.0,0.0,Front Wheel Drive,Towbar not possible,0.0,4.0,26489.0
341,MERCEDES-BENZ,EQV 250 Extra-Long,60.0,363.0,12.0,a1,215.0,206.0,200.0,76217.0,0.0,0.0,Front Wheel Drive,Towbar not possible,0.0,7.0,80790.0
342,NIO,GV60 Sport Plus,74.0,206.0,4.0,a2,365.0,203.0,950.0,73100.0,0.0,67505.0,All Wheel Drive,Towbar possible,1500.0,5.0,84111.0
343,ABARTH,500e Convertible,44.9,186.0,7.0,a1,225.0,168.0,370.0,40990.0,41490.0,37195.0,Front Wheel Drive,Towbar not possible,0.0,4.0,41111.0
344,PORSCHE,Taycan 4S Plus Sport Turismo,97.0,254.0,3.7,a2,495.0,196.0,1090.0,127322.0,133631.0,100996.0,All Wheel Drive,Towbar not possible,0.0,5.0,128032.0
345,PORSCHE,Taycan Turbo Sport Turismo,97.0,366.0,2.7,a3,470.0,206.0,1030.0,176600.0,184000.0,134800.0,All Wheel Drive,Towbar not possible,0.0,5.0,167960.0
346,FIAT,500e 3+1 24 kWh,21.3,230.0,9.0,a1,135.0,158.0,230.0,0.0,30990.0,0.0,Front Wheel Drive,Towbar not possible,0.0,4.0,17312.0
3470,PORSCHE,Q4 Sportback e-tron 55 quattro,97.0,348.0,2.8,a2,495.0,196.0,1090.0,177000.0,184500.0,135200.0,All Wheel Drive,Towbar not possible,0.0,5.0,168459.0
348,MERCEDES-BENZ,EQV 250 Long,60.0,350.0,12.0,a1,215.0,206.0,200.0,75282.0,0.0,0.0,Front Wheel Drive,Towbar not possible,0.0,7.0,79798.0
349,MERCEDES-BENZ,eVito Tourer Long 60 kWh,60.0,311.0,12.0,a1,220.0,273.0,200.0,68398.0,0.0,0.0,Front Wheel Drive,Towbar not possible,0.0,8.0,72501.0
350,MERCEDES-BENZ,eVito Tourer Extra-Long 60 kWh,60.0,322.0,12.0,a1,215.0,279.0,200.0,69309.0,0.0,14995.0,Front Wheel Drive,Towbar not possible,0.0,8.0,73467.0
3510,KGM,Torres EVX,72.0,130.0,8.1,a1,350.0,206.0,390.0,43990.0,41250.0,44495.0,Front Wheel Drive,Towbar possible,1500.0,5.0,49664.0
3520,MINI,Aceman E,38.5,163.0,7.9,a1,230.0,167.0,370.0,37000.0,38990.0,31800.0,Front Wheel Drive,Towbar not possible,0.0,5.0,35130.0
353,MINI,Aceman SE,49.8,137.0,7.1,a1,300.0,166.0,430.0,40000.0,42000.0,36000.0,Front Wheel Drive,Towbar not possible,0.0,5.0,44856.0
